# id,Pi_a,Pi_b,Pi_c,cov_SMN1_a,cov_SMN1_b,cov_SMN1_c,cov_SMN2_a,cov_SMN2_b,cov_SMN2_c,avg_cov_SMN1,avg_cov_SMN2,scale_factor,std_control,g.27134T>G,g.27706_27707delAT,avg_cov_ACAD9,avg_cov_ATR,avg_cov_CYP11B1,avg_cov_EDNRB,avg_cov_FASTKD2,avg_cov_FOXN1,avg_cov_HEXB,avg_cov_IQCB1,avg_cov_ITGA6,avg_cov_IVD,avg_cov_LMNA,avg_cov_LRPPRC,avg_cov_NTRK1,avg_cov_PTEN,avg_cov_RAB3GAP1,avg_cov_RAPSN,avg_cov_SIL1,avg_cov_SLC22A5,avg_cov_SLC35D1,avg_cov_STIM1
151002_7001448_0359_AC7F6GANXX_Sample_HG002-EEogPU_v02-KIT-Av5_AGATGTAC_L008.posiSrt.markDup.includedRegions.bam|0.6568265682656826|0.5970425138632163|0.5384615384615384|178.0|323.0|70.0|93.0|218.0|60.0|20.33452865319633|20.089758620689654|1.0|21.1826634496469|T [[0], [0], [0], [106]]|AT [[13, 0], [0, 0], [0, 0], [0, 13]]|40.88517688227896|26.363726155935552|100.30142838072354|26.376235177865613|28.438166899101613|20.074232865805108|12.146698940998487|9.909870324724038|23.76385587863464|33.82823938806999|13.521306744093051|21.758621631961525|43.28448445122412|6.336277086511423|13.842785789092082|47.42580758119583|3.700430748649225|35.434532540724156|12.632895071368903|4.93588594124449
# Control genes min coverage:3.700430748649225
# Control genes quartile 1,2,3 coverage:[12.51134604 22.76123876 34.22981268]
# Control genes average coverage:26.24803292401012
# Control genes max coverage:100.30142838072354
# Control genes standard deviation: [0. 0. 0. 0. 0. 0. 0. 0. 0. 0. 0. 0. 0. 0. 0. 0. 0. 0. 0. 0.]
